City_ID,City,Country,Date,Lat,Lng,Max Temp,Humidity,Cloudiness,Wind Speed
0,Cape Town,ZA,2022-09-26 22:20:04,-33.9258,18.4232,56.91,78,0,2.3
1,Ariguani,CO,2022-09-26 22:24:48,10.25,-74.0,81.68,80,100,3.65
2,Clyde River,CA,2022-09-26 22:24:49,70.4692,-68.5914,34.03,100,75,4.61
3,Castro,BR,2022-09-26 22:24:49,-24.7911,-50.0119,57.6,98,100,5.53
4,Torbay,CA,2022-09-26 22:24:50,47.6666,-52.7314,62.28,92,100,18.41
5,Yar-Sale,RU,2022-09-26 22:24:51,66.8333,70.8333,27.46,92,56,12.24
6,Busselton,AU,2022-09-26 22:24:51,-33.65,115.3333,48.87,89,2,5.82
7,Usinsk,RU,2022-09-26 22:24:51,65.9939,57.5281,29.75,72,100,6.91
8,Souillac,MU,2022-09-26 22:24:52,-20.5167,57.5167,71.98,64,40,11.5
9,Nampula,MZ,2022-09-26 22:24:52,-15.1165,39.2666,67.95,77,0,6.91
10,Ilulissat,GL,2022-09-26 22:24:53,69.2167,-51.1,39.22,81,75,2.3
11,Belyy Yar,RU,2022-09-26 22:24:53,53.6039,91.3903,40.89,100,75,2.24
12,Hermanus,ZA,2022-09-26 22:24:53,-34.4187,19.2345,56.8,83,72,1.68
13,Awbari,LY,2022-09-26 22:24:54,26.5921,12.7805,86.97,21,0,9.51
14,Port Alfred,ZA,2022-09-26 22:24:54,-33.5906,26.891,62.19,91,100,8.99
15,Amot,NO,2022-09-26 22:24:55,59.5714,7.9877,47.77,98,100,3.51
16,Lebyazhye,RU,2022-09-26 22:24:55,55.2689,66.4947,32.7,98,100,16.96
17,Beinamar,TD,2022-09-26 22:24:56,8.6698,15.3813,71.46,94,100,4.14
18,Port Elizabeth,ZA,2022-09-26 22:19:59,-33.918,25.5701,63.1,97,100,17.27
19,Saint George,US,2022-09-26 22:24:56,37.1041,-113.5841,95.43,15,0,5.75
20,Sinnamary,GF,2022-09-26 22:24:57,5.3833,-52.95,80.4,83,1,14.23
21,Saint-Francois,FR,2022-09-26 22:24:58,46.4154,3.9054,51.24,93,100,6.91
22,Saint-Louis,SN,2022-09-26 22:24:58,16.3333,-15.0,85.64,47,57,7.14
23,Chuy,UY,2022-09-26 22:24:59,-33.6971,-53.4616,58.53,91,15,3.87
24,Jamestown,US,2022-09-26 22:21:43,42.097,-79.2353,53.02,76,100,12.66
25,Bulnes,CL,2022-09-26 22:24:59,-36.7423,-72.2985,63.36,72,80,4.36
26,Qaqortoq,GL,2022-09-26 22:25:00,60.7167,-46.0333,44.58,92,100,16.98
27,Goderich,CA,2022-09-26 22:25:00,43.7501,-81.7165,58.91,82,100,17.27
28,Danielskuil,ZA,2022-09-26 22:25:00,-28.1887,23.5395,58.06,32,39,9.6
29,Lagoa,PT,2022-09-26 22:25:01,39.05,-27.9833,69.85,68,100,17.4
30,Mahibadhoo,MV,2022-09-26 22:25:01,3.7833,72.9667,82.02,76,62,15.7
31,Upernavik,GL,2022-09-26 22:25:02,72.7868,-56.1549,33.35,71,29,4.65
32,East London,ZA,2022-09-26 22:22:18,-33.0153,27.9116,66.52,92,100,18.23
33,Arraial Do Cabo,BR,2022-09-26 22:25:03,-22.9661,-42.0278,69.76,88,100,10.36
34,Mahebourg,MU,2022-09-26 22:25:03,-20.4081,57.7,71.89,64,40,11.5
35,Amapa,BR,2022-09-26 22:25:03,1.0,-52.0,80.91,61,78,3.94
36,Luderitz,NA,2022-09-26 22:25:04,-26.6481,15.1594,54.46,85,0,4.59
37,Tasiilaq,GL,2022-09-26 22:25:04,65.6145,-37.6368,41.16,88,100,4.52
38,Carquefou,FR,2022-09-26 22:25:05,47.2982,-1.4902,55.47,78,0,10.36
39,Punta Arenas,CL,2022-09-26 22:25:05,-53.15,-70.9167,44.71,57,0,17.27
40,Teseney,ER,2022-09-26 22:25:06,15.11,36.6575,81.0,63,11,6.15
41,Bredasdorp,ZA,2022-09-26 22:25:06,-34.5322,20.0403,54.46,89,65,4.7
42,Linhares,BR,2022-09-26 22:25:06,-19.3911,-40.0722,69.87,83,30,5.57
43,Ushuaia,AR,2022-09-26 22:23:35,-54.8,-68.3,40.66,75,40,25.32
44,Namibe,AO,2022-09-26 22:25:07,-15.1961,12.1522,65.59,70,64,5.19
45,Veraval,IN,2022-09-26 22:25:07,20.9,70.3667,78.53,77,28,8.57
46,Aktanysh,RU,2022-09-26 22:25:08,55.7216,54.0829,39.76,85,100,9.95
47,Biltine,TD,2022-09-26 22:25:09,14.5333,20.9167,82.15,56,93,13.71
48,Codrington,AU,2022-09-26 22:25:09,-38.2667,141.9667,52.65,94,100,15.41
49,Cravo Norte,CO,2022-09-26 22:25:09,6.3017,-70.2041,85.86,68,47,2.59
50,Lozuvatka,UA,2022-09-26 22:25:10,48.0571,33.2858,59.07,79,100,8.75
51,Pokrovskoye,RU,2022-09-26 22:25:10,47.4157,38.8971,59.68,74,89,7.25
52,Jawhar,SO,2022-09-26 22:25:11,2.7809,45.5005,76.35,85,36,10.89
53,Azare,NG,2022-09-26 22:25:11,11.6765,10.1948,75.99,75,78,8.68
54,Lebu,CL,2022-09-26 22:25:11,-37.6167,-73.65,52.72,92,100,5.1
55,Sao Filipe,CV,2022-09-26 22:25:12,14.8961,-24.4956,77.32,77,60,7.09
56,Beloha,MG,2022-09-26 22:25:12,-25.1667,45.05,71.67,64,0,4.07
57,Oranjemund,NA,2022-09-26 22:25:13,-28.55,16.4333,54.32,90,0,3.36
58,Cantagallo,CO,2022-09-26 22:25:13,7.376,-73.9196,85.39,74,60,2.39
59,Pisco,PE,2022-09-26 22:21:23,-13.7,-76.2167,63.01,72,75,9.22
60,Morristown,US,2022-09-26 22:25:14,36.214,-83.2949,72.3,39,0,9.22
61,Saint-Philippe,RE,2022-09-26 22:25:14,-21.3585,55.7679,67.59,74,51,12.15
62,Maputo,MZ,2022-09-26 22:25:15,-25.9653,32.5892,74.23,74,0,3.44
63,Tabou,CI,2022-09-26 22:25:15,4.423,-7.3528,75.56,90,90,7.18
64,Rauma,FI,2022-09-26 22:25:16,61.1272,21.5113,48.24,80,98,14.81
65,Bonavista,CA,2022-09-26 22:25:16,48.6499,-53.1147,61.14,82,100,15.64
66,Priladozhskiy,RU,2022-09-26 22:25:16,59.85,31.4833,45.54,1,100,3.49
67,Allapalli,IN,2022-09-26 22:25:17,19.4167,80.0667,73.71,97,100,1.79
68,Panjab,AF,2022-09-26 22:25:17,34.388,67.0233,42.49,36,0,6.62
69,Kalemie,CD,2022-09-26 22:25:18,-5.9475,29.1947,76.62,51,30,2.93
70,Dingle,PH,2022-09-26 22:25:18,10.9995,122.6711,76.06,92,100,6.98
71,Oni,GE,2022-09-26 22:25:18,42.5794,43.4425,51.58,48,2,5.97
72,Novoagansk,RU,2022-09-26 22:21:21,61.9449,76.6625,26.2,80,15,6.91
73,Lethem,GY,2022-09-26 22:25:19,3.3803,-59.7968,82.85,68,96,3.11
74,Caravelas,BR,2022-09-26 22:21:19,-17.7125,-39.2481,73.4,86,99,7.18
75,Aurad,IN,2022-09-26 22:25:19,18.25,77.4333,71.2,92,80,7.14
76,Oksfjord,NO,2022-09-26 22:25:20,70.2396,22.3479,48.38,90,73,14.85
77,Buenos Aires,AR,2022-09-26 22:23:53,-34.6132,-58.3772,69.98,72,0,3.44
78,Bud,US,2022-09-26 22:25:20,39.447,-86.1758,66.67,46,17,14.27
79,Longyearbyen,SJ,2022-09-26 22:25:21,78.2186,15.6401,42.64,75,40,2.3
80,Piranhas,BR,2022-09-26 22:25:21,-16.4269,-51.8222,81.03,59,80,3.4
81,Joacaba,BR,2022-09-26 22:25:22,-27.1781,-51.5047,61.7,98,100,2.15
82,Olafsvik,IS,2022-09-26 22:23:50,64.8945,-23.7142,44.46,49,90,7.49
83,Dikson,RU,2022-09-26 22:21:07,73.5069,80.5464,32.77,74,94,12.55
84,Stutterheim,ZA,2022-09-26 22:25:22,-32.5708,27.424,59.4,97,100,4.05
85,Priupskiy,RU,2022-09-26 22:25:23,53.9096,37.736,43.25,88,67,4.56
86,Kishapu,TZ,2022-09-26 22:25:23,-3.6167,33.8667,72.79,48,34,17.0
87,Urubicha,BO,2022-09-26 22:25:23,-15.3833,-62.95,91.67,27,64,2.51
88,Qaanaaq,GL,2022-09-26 22:25:24,77.484,-69.3632,25.18,77,83,6.64
89,Mar Del Plata,AR,2022-09-26 22:25:24,-38.0023,-57.5575,57.94,92,75,4.61
90,Asfi,MA,2022-09-26 22:25:24,32.2994,-9.2372,68.5,62,43,13.13
91,Bandarbeyla,SO,2022-09-26 22:25:25,9.4942,50.8122,77.13,84,100,22.84
92,Dasoguz,TM,2022-09-26 22:25:25,41.8363,59.9666,55.35,62,0,9.22
93,Senneterre,CA,2022-09-26 22:25:26,48.3835,-77.2328,49.69,94,100,1.25
94,Warmbad,NA,2022-09-26 22:25:26,-28.45,18.7333,53.4,60,0,8.14
95,Kinshasa,CD,2022-09-26 22:21:23,-4.3246,15.3215,79.38,66,68,1.83
96,Oktyabrskoye,RU,2022-09-26 22:25:27,43.0645,44.7417,42.94,93,12,6.71
97,Paamiut,GL,2022-09-26 22:25:27,61.994,-49.6678,43.39,94,100,30.94
98,Kamyshevatskaya,RU,2022-09-26 22:25:27,46.4132,37.9563,63.18,73,98,9.19
99,Sioux Lookout,CA,2022-09-26 22:20:58,50.1001,-91.917,46.47,57,75,9.22
100,Abha,SA,2022-09-26 22:25:28,18.2164,42.5053,66.02,20,0,6.91
101,Rocha,UY,2022-09-26 22:25:28,-34.4833,-54.3333,57.06,98,61,5.75
102,Guaruja,BR,2022-09-26 22:25:29,-23.9931,-46.2564,67.89,26,100,3.0
103,Palasa,IN,2022-09-26 22:25:29,18.7667,84.4167,77.29,87,96,4.72
104,Marsa Matruh,EG,2022-09-26 22:25:29,31.3525,27.2453,75.99,79,0,7.27
105,Nalut,LY,2022-09-26 22:25:30,30.3333,10.85,83.05,22,69,1.23
106,Brumado,BR,2022-09-26 22:25:30,-14.2036,-41.6653,76.48,57,12,4.97
107,Abu Zabad,SD,2022-09-26 22:25:30,12.35,29.25,76.75,67,100,7.85
108,Saldanha,ZA,2022-09-26 22:25:31,-33.0117,17.9442,50.05,85,7,5.97
109,Maldonado,UY,2022-09-26 22:25:31,-34.6667,-54.9167,59.23,96,87,4.52
110,Pangnirtung,CA,2022-09-26 22:25:32,66.1451,-65.7125,33.8,69,20,0.0
111,Sayyan,YE,2022-09-26 22:25:32,15.1718,44.3244,61.88,30,6,2.26
112,Hithadhoo,MV,2022-09-26 22:25:32,-0.6,73.0833,81.75,74,70,15.37
113,Meulaboh,ID,2022-09-26 22:25:33,4.1363,96.1285,74.95,88,94,3.4
114,Bara,NG,2022-09-26 22:25:33,10.3744,10.7288,74.66,86,36,6.15
115,Ikalamavony,MG,2022-09-26 22:25:34,-21.15,46.5833,61.2,83,7,5.66
116,Sabzevar,IR,2022-09-26 22:25:34,36.2126,57.6819,65.48,48,0,9.22
117,Ikovka,RU,2022-09-26 22:25:34,55.6089,64.9375,31.26,96,100,12.26
118,Rafaela,AR,2022-09-26 22:25:35,-31.2503,-61.4867,70.99,25,0,1.01
119,Bathsheba,BB,2022-09-26 22:23:52,13.2167,-59.5167,83.01,83,40,14.97
120,Cidreira,BR,2022-09-26 22:25:35,-30.1811,-50.2056,63.91,84,70,6.4
121,Utete,TZ,2022-09-26 22:25:36,-7.986,38.758,71.62,87,1,3.6
122,Isabela,PH,2022-09-26 22:21:28,6.7085,121.9711,77.05,87,44,3.76
123,Gavle,SE,2022-09-26 22:25:37,60.6745,17.1417,52.34,95,100,1.01
124,Vila Velha,BR,2022-09-26 22:24:03,-20.3297,-40.2925,73.35,85,75,9.22
125,Boende,CD,2022-09-26 22:25:37,-0.2167,20.8667,72.97,93,32,3.0
126,Almonte,ES,2022-09-26 22:25:38,37.2647,-6.5167,68.45,67,0,5.06
127,Bilma,NE,2022-09-26 22:25:38,18.6853,12.9164,91.8,12,2,4.12
128,Victoria,HK,2022-09-26 22:23:54,22.2855,114.1577,84.38,75,66,11.99
129,Jalu,LY,2022-09-26 22:21:19,29.0331,21.5482,80.6,40,0,7.58
130,Maniitsoq,GL,2022-09-26 22:25:39,65.4167,-52.9,45.16,92,100,16.33
131,Tabuk,PH,2022-09-26 22:25:39,17.4189,121.4443,74.07,93,88,2.68
132,Bull Savanna,JM,2022-09-26 22:25:40,17.8868,-77.5902,78.67,84,100,11.77
133,Tocopilla,CL,2022-09-26 22:25:40,-22.092,-70.1979,62.71,67,25,7.99
134,Havelock,US,2022-09-26 22:21:27,34.8791,-76.9013,80.56,80,15,1.01
135,Joinville,BR,2022-09-26 22:23:54,-26.3044,-48.8456,70.11,88,100,4.61
136,Isiro,CD,2022-09-26 22:25:41,2.7739,27.616,65.32,98,100,0.67
137,Gweta,BW,2022-09-26 22:25:41,-20.1833,25.2333,74.07,26,5,8.84
138,Congonhas,BR,2022-09-26 22:25:42,-20.4997,-43.8578,73.0,62,96,5.28
139,Mishkino,RU,2022-09-26 22:25:42,55.3389,63.9175,31.44,97,100,13.0
140,Bay Roberts,CA,2022-09-26 22:25:43,47.5999,-53.2648,61.52,82,100,11.74
141,Izhma,RU,2022-09-26 22:25:43,65.0083,53.9113,32.41,69,100,4.07
142,Uribia,CO,2022-09-26 22:25:43,11.7139,-72.266,88.54,55,99,11.25
143,Sisimiut,GL,2022-09-26 22:25:44,66.9395,-53.6735,45.73,91,100,4.0
144,Sfantu Gheorghe,RO,2022-09-26 22:25:44,45.8667,25.7833,57.27,95,100,0.43
145,Hofn,IS,2022-09-26 22:25:44,64.2539,-15.2082,40.64,51,99,24.02
146,Havre-Saint-Pierre,CA,2022-09-26 22:25:45,50.2334,-63.5986,53.96,94,100,10.36
147,Bonthe,SL,2022-09-26 22:25:45,7.5264,-12.505,73.92,90,95,2.66
148,Chateau-Thierry,FR,2022-09-26 22:25:46,49.05,3.4,52.0,89,70,10.2
149,Ribeira Grande,PT,2022-09-26 22:25:46,38.5167,-28.7,66.6,82,75,9.22
150,Phalodi,IN,2022-09-26 22:25:46,27.1333,72.3667,84.74,38,3,7.76
151,Nanortalik,GL,2022-09-26 22:25:47,60.1432,-45.2371,45.14,91,100,13.02
152,Los Llanos De Aridane,ES,2022-09-26 22:25:47,28.6585,-17.9182,68.13,84,75,17.0
153,Raudeberg,NO,2022-09-26 22:25:48,61.9875,5.1352,44.96,1,100,7.11
154,Bengkulu,ID,2022-09-26 22:25:48,-3.8004,102.2655,74.7,91,79,5.48
155,Glens Falls,US,2022-09-26 22:25:48,43.3095,-73.644,62.19,83,100,6.91
156,Bouna,CI,2022-09-26 22:25:49,9.2667,-3.0,70.36,90,100,2.24
157,Siilinjarvi,FI,2022-09-26 22:25:49,63.0833,27.6667,46.42,93,20,2.3
158,Barahona,DO,2022-09-26 22:25:49,18.2085,-71.1008,85.82,79,20,11.5
159,Nouadhibou,MR,2022-09-26 22:25:50,20.931,-17.0347,78.78,83,20,12.66
160,Skjervoy,NO,2022-09-26 22:25:50,70.0311,20.9714,46.4,80,52,20.85
161,Padang,ID,2022-09-26 22:25:51,-0.9492,100.3543,77.0,89,100,3.13
162,Georgetown,MY,2022-09-26 22:25:51,5.4112,100.3354,80.89,88,20,5.75
163,Scarborough,GB,2022-09-26 22:21:11,54.2797,-0.4044,45.79,88,82,13.6
164,Laguna,US,2022-09-26 22:25:52,38.421,-121.4238,96.31,36,0,6.91
165,Mumford,GH,2022-09-26 22:25:52,5.2618,-0.759,75.78,89,82,11.45
166,Ponta Do Sol,PT,2022-09-26 22:25:52,32.6667,-17.1,70.43,74,21,8.75
167,Guasdualito,VE,2022-09-26 22:25:53,7.2424,-70.7324,75.2,94,50,2.3
168,Murud,IN,2022-09-26 22:25:53,18.3258,72.965,74.28,90,21,3.0
169,Kruisfontein,ZA,2022-09-26 22:23:58,-34.0033,24.7314,60.89,92,100,18.92
170,Lahij,YE,2022-09-26 22:25:54,13.1667,44.5833,85.59,49,69,7.02
171,Touros,BR,2022-09-26 22:25:54,-5.1989,-35.4608,77.29,76,21,16.22
172,Viedma,AR,2022-09-26 22:25:54,-40.8135,-62.9967,61.52,42,29,6.08
173,Husavik,IS,2022-09-26 22:25:55,66.0449,-17.3389,38.21,55,25,19.98
174,Ilmenau,DE,2022-09-26 22:25:56,50.6833,10.9,48.47,87,98,13.53
175,Saint Anthony,US,2022-09-26 22:25:56,45.0205,-93.218,64.02,38,0,20.71
176,Khartoum,SD,2022-09-26 22:22:07,15.5518,32.5324,87.03,52,32,1.99
177,Shelui,TZ,2022-09-26 22:25:57,-4.3667,34.2,71.65,52,10,15.21
178,Abu Samrah,SY,2022-09-26 22:25:57,35.3029,37.1841,70.18,35,0,6.2
179,Road Town,VG,2022-09-26 22:25:57,18.4167,-64.6167,84.29,79,40,9.22
180,Dickson,US,2022-09-26 22:25:58,36.077,-87.3878,74.55,31,0,12.66
181,Gwadar,PK,2022-09-26 22:25:58,25.1216,62.3254,79.32,79,1,5.21
182,Saint-Georges,GD,2022-09-26 22:25:59,12.0564,-61.7485,82.08,83,40,13.8
183,Bajram Curri,AL,2022-09-26 22:25:59,42.3554,20.0784,62.13,99,100,2.44
184,Sao Joao Da Barra,BR,2022-09-26 22:25:59,-21.6403,-41.0511,73.49,83,45,16.64
185,Alberton,CA,2022-09-26 22:26:00,46.8168,-64.0654,64.31,88,1,15.01
186,Akdagmadeni,TR,2022-09-26 22:26:00,39.6603,35.8836,55.08,23,4,4.81
187,Nantucket,US,2022-09-26 22:26:01,41.2835,-70.0995,69.91,68,0,11.5
188,Vieques,PR,2022-09-26 22:26:01,18.425,-65.8329,84.2,74,40,12.66
189,Marzuq,YE,2022-09-26 22:26:01,14.4,46.4667,75.65,55,3,2.82
190,Bereznik,RU,2022-09-26 22:21:14,62.8551,42.7072,37.11,90,20,5.7
191,Ballina,AU,2022-09-26 22:26:02,-28.8667,153.5667,70.02,83,78,3.62
192,Ostrovnoy,RU,2022-09-26 22:26:02,68.0531,39.5131,37.9,80,100,7.63
193,Urk,NL,2022-09-26 22:26:03,52.6625,5.6014,52.99,92,100,18.75
194,Kalmunai,LK,2022-09-26 22:26:03,7.4167,81.8167,78.01,82,59,4.79
195,Maragogi,BR,2022-09-26 22:22:55,-9.0122,-35.2225,74.37,77,49,10.85
196,Vicuna,CL,2022-09-26 22:26:04,-30.0319,-70.7081,68.77,44,98,6.06
197,New Glasgow,CA,2022-09-26 22:26:04,45.5834,-62.6486,64.78,88,46,15.77
198,Boca Do Acre,BR,2022-09-26 22:26:05,-8.7522,-67.3978,93.15,32,59,3.65
199,Gusau,NG,2022-09-26 22:26:05,12.1628,6.6614,77.23,80,98,7.74
200,Parabel,RU,2022-09-26 22:26:06,58.6978,81.4825,25.0,87,58,4.21
201,Morvi,IN,2022-09-26 22:26:06,22.8167,70.8333,79.79,68,21,7.72
202,Wendo,ET,2022-09-26 22:26:06,6.6,38.4167,56.28,85,50,4.79
203,Iquique,CL,2022-09-26 22:23:59,-20.2208,-70.1431,60.84,75,38,3.56
204,Ancud,CL,2022-09-26 22:26:07,-41.8697,-73.8203,46.22,78,28,7.96
205,Bom Jesus,BR,2022-09-26 22:26:07,-9.0744,-44.3586,82.96,30,5,4.29
206,Karaton,ID,2022-09-26 22:26:09,-6.3424,106.1045,73.47,91,99,1.57
207,Keetmanshoop,NA,2022-09-26 22:26:09,-26.5833,18.1333,55.81,46,0,9.75
208,Dabat,ET,2022-09-26 22:26:10,12.9842,37.765,52.7,69,48,2.89
209,Karlstad,SE,2022-09-26 22:26:10,59.3793,13.5036,52.36,89,75,9.22
210,Port-Gentil,GA,2022-09-26 22:26:11,-0.7193,8.7815,76.96,88,75,11.5
211,Mana,GF,2022-09-26 22:26:11,5.6592,-53.7767,80.71,83,5,13.8
212,Salalah,OM,2022-09-26 22:23:36,17.0151,54.0924,78.89,94,75,9.22
213,Ratnagiri,IN,2022-09-26 22:26:12,16.9833,73.3,74.73,88,56,3.27
214,Shimoni,KE,2022-09-26 22:26:12,-4.6476,39.3817,75.09,83,86,10.47
215,Keti Bandar,PK,2022-09-26 22:26:12,24.1447,67.4497,80.19,75,3,6.73
216,Stornoway,GB,2022-09-26 22:26:13,58.2093,-6.3865,46.36,78,75,16.11
217,Richards Bay,ZA,2022-09-26 22:26:13,-28.783,32.0377,70.99,89,54,12.03
218,Chirilagua,SV,2022-09-26 22:26:14,13.2203,-88.1386,85.75,85,57,3.51
219,Pangani,TZ,2022-09-26 22:26:14,-5.4333,38.9667,73.56,84,23,6.73
220,Kedrovyy,RU,2022-09-26 22:26:14,56.1667,91.8167,27.01,96,98,3.71
221,Borba,BR,2022-09-26 22:26:15,-4.3878,-59.5939,92.66,34,97,2.53
222,Neubrandenburg,DE,2022-09-26 22:26:15,53.5667,13.2667,53.8,67,100,10.6
223,Totness,SR,2022-09-26 22:26:15,5.8833,-56.3167,82.06,81,23,12.75
224,Muros,ES,2022-09-26 22:26:16,42.7762,-9.0603,55.83,86,5,5.91
225,Cumana,VE,2022-09-26 22:26:16,10.4635,-64.1775,82.62,78,64,6.82
226,Chapais,CA,2022-09-26 22:26:17,49.7834,-74.8492,55.18,63,94,2.33
227,Bulawayo,ZW,2022-09-26 22:26:17,-20.15,28.5833,70.5,28,15,4.05
228,Moshenskoye,RU,2022-09-26 22:26:17,58.5102,34.5911,43.92,93,100,3.18
229,Uruzgan,AF,2022-09-26 22:26:18,32.8333,66.0,63.63,9,0,4.25
230,Ambilobe,MG,2022-09-26 22:26:18,-13.2,49.05,68.47,65,0,6.71
231,Huarmey,PE,2022-09-26 22:26:19,-10.0681,-78.1522,64.31,76,48,9.82
232,Chadiza,ZM,2022-09-26 22:26:19,-14.0678,32.4392,70.23,40,0,3.76
233,Marienburg,PL,2022-09-26 22:26:19,54.0359,19.0266,53.89,86,100,3.69
234,Bubaque,GW,2022-09-26 22:26:20,11.2833,-15.8333,80.76,77,63,15.57
235,Edgewater,US,2022-09-26 22:26:20,28.9889,-80.9023,85.28,61,20,11.5
236,Podor,MR,2022-09-26 22:26:21,16.6527,-14.9587,85.95,74,20,0.0
237,Piacabucu,BR,2022-09-26 22:26:21,-10.4056,-36.4344,73.31,75,10,7.85
238,Ipixuna,BR,2022-09-26 22:26:22,-1.7625,-48.8043,78.42,83,38,6.96
239,San Andres,CO,2022-09-26 22:24:23,12.5847,-81.7006,84.22,79,75,4.61
240,Xuddur,SO,2022-09-26 22:26:22,4.1213,43.8894,75.51,72,50,16.46
241,Hualmay,PE,2022-09-26 22:26:23,-11.0964,-77.6139,63.91,75,21,10.94
242,Lusambo,CD,2022-09-26 22:26:23,-4.9667,23.45,70.07,90,45,2.71
243,Lokosovo,RU,2022-09-26 22:26:23,61.1333,74.8167,25.68,89,71,5.55
244,Qostanay,KZ,2022-09-26 22:26:24,53.1667,63.5833,35.89,87,100,13.42
245,Osmanabad,IN,2022-09-26 22:25:09,18.1667,76.05,70.41,89,94,7.09
246,Luanda,AO,2022-09-26 22:24:08,-8.8368,13.2343,71.22,86,66,9.01
247,Tres Arroyos,AR,2022-09-26 22:21:53,-38.3739,-60.2798,60.1,50,53,5.61
248,Killybegs,IE,2022-09-26 22:26:25,54.6333,-8.45,53.65,74,90,20.89
249,Limbach-Oberfrohna,DE,2022-09-26 22:26:25,50.8667,12.75,52.56,78,100,12.93
250,Gao,ML,2022-09-26 22:26:26,16.6362,1.637,96.75,15,38,7.11
251,Vagay,RU,2022-09-26 22:26:26,57.9375,69.0217,27.54,78,40,8.66
252,Surt,LY,2022-09-26 22:26:26,31.2089,16.5887,84.49,38,32,15.3
253,Mao,ES,2022-09-26 22:23:10,39.8885,4.2658,66.76,63,0,1.14
254,Shihezi,CN,2022-09-26 22:26:27,44.3,86.0333,70.56,29,2,2.33
255,Benguela,AO,2022-09-26 22:26:27,-12.5763,13.4055,71.22,81,97,4.83
256,Rundu,NA,2022-09-26 22:26:28,-17.9333,19.7667,75.61,23,87,2.68
257,Kasongo-Lunda,CD,2022-09-26 22:26:28,-6.4667,16.8167,73.35,75,79,2.98
258,Lumeje,AO,2022-09-26 22:26:29,-11.55,20.7833,74.55,35,50,5.68
259,Ajdabiya,LY,2022-09-26 22:26:29,30.7554,20.2263,77.85,48,0,7.65
260,Malakal,SS,2022-09-26 22:26:30,9.5334,31.6605,72.59,87,73,2.55
261,Odweyne,SO,2022-09-26 22:26:30,9.4092,45.064,77.77,48,89,5.61
262,Teeli,RU,2022-09-26 22:26:31,51.0333,90.2333,56.53,35,100,7.29
263,Buchanan,LR,2022-09-26 22:26:31,5.8808,-10.0467,73.62,91,100,3.69
264,Karwar,IN,2022-09-26 22:26:32,14.8,74.1333,74.61,88,68,6.51
265,Yelnya,RU,2022-09-26 22:26:32,54.5786,33.1837,44.1,91,92,4.88
266,Lisala,CD,2022-09-26 22:26:32,2.15,21.5167,70.77,99,96,1.77
267,Sagua La Grande,CU,2022-09-26 22:26:33,22.8067,-80.0756,76.19,91,100,9.55
268,Rock Sound,BS,2022-09-26 22:23:45,24.9,-76.2,84.54,72,100,18.59
269,Plettenberg Bay,ZA,2022-09-26 22:26:33,-34.0527,23.3716,61.75,91,94,17.52
270,Carnarvon,AU,2022-09-26 22:26:34,-24.8667,113.6333,63.91,33,1,14.45
271,Saint-Denis,FR,2022-09-26 22:26:34,48.9167,2.3333,53.76,86,100,12.66
272,Yabelo,ET,2022-09-26 22:26:35,4.8833,38.0833,59.7,72,32,5.59
273,Guiglo,CI,2022-09-26 22:26:35,6.5456,-7.4966,70.57,95,96,2.8
274,Makueni,KE,2022-09-26 22:26:35,-1.8041,37.6203,62.51,88,34,5.77
275,Iaciara,BR,2022-09-26 22:26:36,-14.0958,-46.6317,83.35,39,59,7.07
276,Piripiri,BR,2022-09-26 22:26:36,-4.2733,-41.7769,83.82,51,69,8.14
277,Narsaq,GL,2022-09-26 22:26:37,60.9167,-46.05,48.42,93,100,9.93
278,Umm Lajj,SA,2022-09-26 22:26:37,25.0213,37.2685,88.99,39,5,6.98
279,Faya,SA,2022-09-26 22:26:37,18.3851,42.4509,66.31,29,1,6.17
280,Aswan,EG,2022-09-26 22:26:38,24.0934,32.907,92.57,23,25,2.59
281,Mecca,SA,2022-09-26 22:23:46,21.4267,39.8261,90.43,13,0,7.54
282,Marsh Harbour,BS,2022-09-26 22:26:38,26.5412,-77.0636,81.64,78,100,8.7
283,Taltal,CL,2022-09-26 22:26:39,-25.4,-70.4833,60.67,67,21,2.91
284,Zatoka,UA,2022-09-26 22:26:39,46.0725,30.4654,66.09,81,93,16.4
285,Desaguadero,PE,2022-09-26 22:26:39,-16.5656,-69.0417,52.83,52,54,17.0
286,La Rochelle,FR,2022-09-26 22:26:40,46.1667,-1.15,59.88,63,0,19.57
287,Tessalit,ML,2022-09-26 22:26:41,20.1986,1.0114,91.27,22,31,12.28
288,Nueva Gerona,CU,2022-09-26 22:26:41,21.8833,-82.8,81.73,81,100,32.19
289,Basoko,CD,2022-09-26 22:26:41,1.2391,23.616,74.21,88,94,3.36
290,Floro,NO,2022-09-26 22:26:42,61.5996,5.0328,48.24,93,100,1.14
291,The Valley,AI,2022-09-26 22:26:42,18.217,-63.0578,84.34,74,20,13.8
292,Frolovo,RU,2022-09-26 22:26:42,49.7713,43.6622,53.38,63,88,6.71
293,Sitrah,BH,2022-09-26 22:26:43,26.1547,50.6206,89.6,59,0,10.36
294,Bjerkvik,NO,2022-09-26 22:26:43,68.5597,17.5189,46.67,83,100,8.68
295,Stephenville,US,2022-09-26 22:24:31,32.2207,-98.2023,86.79,20,0,10.36
296,Hajnowka,PL,2022-09-26 22:26:44,52.7433,23.5812,50.79,88,11,4.56
297,Kryry,CZ,2022-09-26 22:26:44,50.1744,13.4266,51.19,80,91,6.49
298,Gunupur,IN,2022-09-26 22:26:45,19.0833,83.8167,75.65,94,99,2.93
299,Wagar,SD,2022-09-26 22:26:45,16.1525,36.2032,90.41,34,23,10.56
300,Alekseyevskaya,RU,2022-09-26 22:26:45,50.2896,42.1845,53.82,63,99,5.55
301,Boa Vista,BR,2022-09-26 22:24:29,2.8197,-60.6733,82.38,57,20,3.44
302,Gafanha Da Encarnacao,PT,2022-09-26 22:26:46,40.6181,-8.733,64.78,80,12,17.07
303,Antigonish,CA,2022-09-26 22:26:46,45.6169,-61.9986,64.81,92,75,14.27
304,Saint Andrews,US,2022-09-26 22:26:47,34.0454,-81.1293,87.53,31,40,10.36
305,Kavaratti,IN,2022-09-26 22:26:47,10.5669,72.642,81.21,73,66,16.64
306,Vieste,IT,2022-09-26 22:26:47,41.8825,16.175,67.19,76,7,6.33
307,Malazgirt,TR,2022-09-26 22:26:48,39.1427,42.5401,56.08,31,0,3.58
308,Westport,US,2022-09-26 22:26:35,41.1415,-73.3579,72.09,70,0,21.85
309,Rasskazovo,RU,2022-09-26 22:26:48,52.6714,41.9033,46.63,80,58,5.7
310,Duku,NG,2022-09-26 22:26:49,11.2361,4.9073,73.96,94,75,4.23
311,Kilifi,KE,2022-09-26 22:26:49,-3.6305,39.8499,74.53,85,79,10.94
312,Porto Novo,BJ,2022-09-26 22:26:50,6.4965,2.6036,73.22,90,100,1.54
313,Necochea,AR,2022-09-26 22:26:50,-38.5473,-58.7368,54.84,85,97,7.99
314,Massakory,TD,2022-09-26 22:26:50,12.996,15.7293,86.95,55,79,9.95
315,Hobyo,SO,2022-09-26 22:23:55,5.3505,48.5268,76.5,88,52,16.67
316,Coquimbo,CL,2022-09-26 22:26:51,-29.9533,-71.3436,56.93,82,0,12.66
317,Ponta Delgada,PT,2022-09-26 22:26:51,37.7333,-25.6667,68.5,77,20,8.05
318,Praia,CV,2022-09-26 22:26:52,14.9215,-23.5087,77.54,78,20,8.05
319,San Juan,AR,2022-09-26 22:26:16,-31.5375,-68.5364,73.13,20,29,14.43
320,Khiv,RU,2022-09-26 22:26:52,41.7543,47.9306,52.23,66,0,4.09
321,Nieuw Amsterdam,SR,2022-09-26 22:26:53,5.8833,-55.0833,87.96,75,20,4.61
322,Kasongo,CD,2022-09-26 22:26:53,-4.45,26.6667,75.45,60,81,3.06
323,Kalmar,SE,2022-09-26 22:26:53,56.6616,16.3616,57.13,82,75,14.97
324,Bermejo,AR,2022-09-26 22:26:54,-32.8833,-68.8,71.51,24,0,4.61
325,Roald,NO,2022-09-26 22:26:54,62.5833,6.1333,53.17,93,100,2.3
326,Zykovo,RU,2022-09-26 22:26:55,55.9519,93.1461,29.14,93,100,2.66
327,Kulhudhuffushi,MV,2022-09-26 22:26:55,6.6221,73.07,82.33,73,26,17.09
328,Pozo Colorado,PY,2022-09-26 22:26:55,-23.4923,-58.7972,70.39,92,82,6.89
329,Chitral,PK,2022-09-26 22:26:56,35.8462,71.7858,67.75,46,0,5.44
330,Opuwo,NA,2022-09-26 22:26:56,-18.0607,13.84,69.58,26,80,2.39
331,Oktyabrskiy,RU,2022-09-26 22:26:57,54.4815,53.471,45.97,89,87,1.72
332,Buraydah,SA,2022-09-26 22:26:57,26.326,43.975,75.65,25,0,7.96
333,Moussoro,TD,2022-09-26 22:26:57,13.6408,16.4901,92.46,38,93,10.04
334,Lubao,PH,2022-09-26 22:26:58,14.9167,120.55,80.31,92,100,2.19
335,Morondava,MG,2022-09-26 22:26:58,-20.2833,44.2833,74.28,84,14,4.56
336,Kikwit,CD,2022-09-26 22:26:59,-5.041,18.8162,71.49,89,89,1.34
337,Corn Island,NI,2022-09-26 22:26:59,12.1694,-83.0418,83.52,69,80,3.91
338,Marica,BR,2022-09-26 22:22:01,-22.9194,-42.8186,71.51,86,86,10.78
339,Lasa,IT,2022-09-26 22:26:59,46.6166,10.7002,54.48,94,100,3.98
340,Urumqi,CN,2022-09-26 22:27:00,43.801,87.6005,68.95,26,0,11.18
341,Corrente,BR,2022-09-26 22:27:00,-3.7367,-43.3394,83.62,53,29,8.21
342,Kyabe,TD,2022-09-26 22:27:01,9.4515,18.9449,72.64,95,85,2.48
343,Debre Birhan,ET,2022-09-26 22:27:01,9.6833,39.5333,50.76,84,43,3.76
344,Karasjok,NO,2022-09-26 22:27:02,69.4719,25.5112,41.72,92,100,4.14
345,Ferme-Neuve,CA,2022-09-26 22:27:02,46.7001,-75.4493,53.71,96,99,3.13
346,Cockburn Town,TC,2022-09-26 22:27:02,21.4612,-71.1419,82.78,81,82,19.28
347,Iqaluit,CA,2022-09-26 22:27:03,63.7506,-68.5145,42.53,70,75,16.11
348,Sao Francisco,BR,2022-09-26 22:27:03,-15.9486,-44.8644,84.06,41,58,8.1
349,Berlevag,NO,2022-09-26 22:27:04,70.8578,29.0864,44.4,87,75,4.61
350,Novopokrovskaya,RU,2022-09-26 22:27:04,45.9514,40.7006,57.38,64,66,7.11
351,George,ZA,2022-09-26 22:27:04,-33.963,22.4617,56.75,77,20,6.91
352,Tromso,NO,2022-09-26 22:27:05,69.6496,18.957,46.42,66,0,6.91
353,Iranshahr,IR,2022-09-26 22:27:05,27.2025,60.6848,80.96,42,0,0.92
354,Vasterhaninge,SE,2022-09-26 22:27:05,59.1167,18.1,50.85,95,100,9.82
355,Rostovka,RU,2022-09-26 22:27:06,55.3842,71.8891,32.81,99,100,11.92
356,Itarema,BR,2022-09-26 22:27:06,-2.9248,-39.9167,78.57,82,68,16.4
357,Abu Kamal,SY,2022-09-26 22:27:07,34.4506,40.9171,76.35,15,0,11.12
358,Bambous Virieux,MU,2022-09-26 22:27:07,-20.3428,57.7575,71.85,64,40,11.5
359,Shubarshi,KZ,2022-09-26 22:27:08,48.5872,57.1869,51.12,55,27,9.22
360,Taoudenni,ML,2022-09-26 22:27:08,22.6783,-3.9836,100.51,16,75,8.32
361,Guelph,CA,2022-09-26 22:22:48,43.5501,-80.2497,56.7,88,75,17.27
362,Mandiana,GN,2022-09-26 22:27:08,10.6333,-8.6833,72.46,93,31,4.07
363,Ibimirim,BR,2022-09-26 22:27:09,-8.5406,-37.6903,75.15,52,15,17.38
364,Haifa,IL,2022-09-26 22:27:09,32.8156,34.9892,73.29,78,0,11.12
365,Mozarlandia,BR,2022-09-26 22:27:10,-14.7447,-50.5706,89.64,36,77,4.12
366,Nouakchott,MR,2022-09-26 22:27:10,18.0858,-15.9785,84.13,73,100,10.74
367,Henties Bay,NA,2022-09-26 22:27:11,-22.116,14.2845,54.66,88,6,8.59
368,Jeremoabo,BR,2022-09-26 22:27:11,-10.075,-38.4808,72.61,59,5,12.86
369,Oshkosh,US,2022-09-26 22:27:12,44.0247,-88.5426,57.29,67,75,16.11
370,Neyshabur,IR,2022-09-26 22:27:12,36.2133,58.7958,63.55,50,0,4.0
371,Teplyk,UA,2022-09-26 22:27:12,48.6657,29.745,59.16,73,95,7.34
372,Algeciras,ES,2022-09-26 22:27:13,36.1333,-5.4505,67.68,73,0,8.05
373,Hurghada,EG,2022-09-26 22:27:13,27.2574,33.8129,86.16,40,0,11.36
374,Cross Lanes,US,2022-09-26 22:27:14,38.4204,-81.7907,69.62,52,0,8.05
375,Camacha,PT,2022-09-26 22:27:14,33.0833,-16.3333,67.42,64,20,11.5
376,Belogorsk,RU,2022-09-26 22:27:15,50.9158,128.4611,38.14,63,44,6.49
377,Krasnofarfornyy,RU,2022-09-26 22:27:15,59.1364,31.8502,42.57,95,100,2.71
378,Aktash,RU,2022-09-26 22:27:15,50.3,87.7333,38.71,59,80,4.74
379,Alferrarede,PT,2022-09-26 22:27:16,39.4833,-8.1667,63.1,66,2,6.24
380,Puerto Ayora,EC,2022-09-26 22:27:16,-0.7393,-90.3518,73.36,90,96,8.01
381,Lai,TD,2022-09-26 22:27:16,9.3952,16.2989,73.08,93,98,3.83
382,Nuevitas,CU,2022-09-26 22:27:17,21.5453,-77.2644,83.97,76,96,11.79
383,Bouca,CF,2022-09-26 22:27:17,6.5105,18.2733,69.31,97,100,2.37
384,Klaksvik,FO,2022-09-26 22:27:18,62.2266,-6.589,43.72,94,100,44.25
385,Santo Augusto,BR,2022-09-26 22:24:19,-27.8508,-53.7772,61.92,83,0,1.9
386,Obo,CF,2022-09-26 22:27:18,5.3998,26.4869,68.5,97,87,2.59
387,Sur,OM,2022-09-26 22:27:19,22.5667,59.5289,79.65,79,0,12.97
388,Qeshm,IR,2022-09-26 22:27:19,26.9581,56.2719,85.87,78,8,13.38
389,Kuminskiy,RU,2022-09-26 22:27:20,58.6667,66.5667,26.4,81,10,7.9
390,Inhambane,MZ,2022-09-26 22:27:21,-23.865,35.3833,73.45,93,8,10.6
391,Vangaindrano,MG,2022-09-26 22:27:21,-23.35,47.6,65.98,92,12,6.71
392,Gazanjyk,TM,2022-09-26 22:27:22,39.2446,55.5154,65.5,27,0,11.68
393,Babanka,UA,2022-09-26 22:27:22,48.7097,30.4483,60.03,82,100,11.27
394,Casma,CL,2022-09-26 22:27:22,-41.0082,-73.1244,52.88,65,47,4.88
395,Rio Grande,BR,2022-09-26 22:27:23,-32.035,-52.0986,64.51,86,82,3.94
396,Bamako,ML,2022-09-26 22:27:23,12.65,-8.0,72.01,94,20,3.44
397,Sharjah,AE,2022-09-26 22:27:24,25.3573,55.4033,87.78,62,0,9.22
398,Los Andes,CL,2022-09-26 22:23:20,-32.8337,-70.5983,58.01,52,100,5.32
399,Tornio,FI,2022-09-26 22:27:24,65.8481,24.1466,46.42,92,100,9.42
400,Onda,ES,2022-09-26 22:27:25,39.9667,-0.25,63.9,87,49,4.32
401,Kangaatsiaq,GL,2022-09-26 22:27:25,68.3065,-53.4641,40.26,93,100,8.32
402,Port-Cartier,CA,2022-09-26 22:25:25,50.0334,-66.8654,53.74,99,100,7.56
403,Dhidhdhoo,MV,2022-09-26 22:27:25,6.8833,73.1,82.47,72,34,17.4
404,Bolgatanga,GH,2022-09-26 22:27:26,10.7856,-0.8514,74.08,93,92,2.59
405,George Town,MY,2022-09-26 22:26:42,5.4112,100.3354,80.89,88,20,5.75
406,Leua,SK,2022-09-26 22:27:26,48.2156,18.6071,51.35,88,11,3.11
407,Poshekhonye,RU,2022-09-26 22:27:27,58.4993,39.1353,45.46,95,100,1.66
408,Valreas,FR,2022-09-26 22:27:27,44.3837,4.9908,56.61,66,35,3.49
409,Skerries,IE,2022-09-26 22:27:27,53.5828,-6.1083,52.12,80,96,16.91
410,Cabedelo,BR,2022-09-26 22:27:28,-6.9811,-34.8339,77.67,75,48,16.67
411,Gat,IL,2022-09-26 22:27:28,31.61,34.7642,79.39,53,0,5.08
412,Rosbach,DE,2022-09-26 22:27:29,50.8,7.6167,51.42,97,100,7.81
413,Springfield,US,2022-09-26 22:24:48,37.2153,-93.2982,75.65,28,0,11.5
414,Jatibonico,CU,2022-09-26 22:27:29,21.9419,-79.17,77.38,89,100,15.08
415,Vardo,NO,2022-09-26 22:22:30,70.3705,31.1107,46.38,87,40,9.22
416,Sorland,NO,2022-09-26 22:27:30,67.667,12.6934,51.53,74,90,28.81
417,Melito Di Porto Salvo,IT,2022-09-26 22:27:30,37.9222,15.7714,73.96,83,20,6.91
418,Giyani,ZA,2022-09-26 22:27:30,-23.3025,30.7187,77.88,32,0,2.39
419,Prata,BR,2022-09-26 22:27:31,-19.3072,-48.9242,84.2,41,91,7.09
420,Borovskoy,KZ,2022-09-26 22:27:31,53.8,64.15,36.57,79,100,13.53
421,Vila Franca Do Campo,PT,2022-09-26 22:27:32,37.7167,-25.4333,68.2,73,100,9.73
422,Menongue,AO,2022-09-26 22:27:32,-14.6585,17.691,70.66,36,91,1.28
423,Gandu,BR,2022-09-26 22:27:32,-13.7439,-39.4867,67.73,90,6,2.24
424,Nokaneng,BW,2022-09-26 22:27:33,-19.6667,22.2667,77.99,22,64,5.55
425,Balkhash,KZ,2022-09-26 22:27:33,46.844,74.9804,58.78,46,35,15.03
426,Thinadhoo,MV,2022-09-26 22:27:33,0.5333,72.9333,81.43,76,96,15.03
427,Maraa,BR,2022-09-26 22:27:34,-1.8333,-65.3667,83.46,62,96,2.06
428,Matagami,CA,2022-09-26 22:27:34,49.7502,-77.6328,55.51,88,75,3.44
429,Quatre Cocos,MU,2022-09-26 22:27:35,-20.2078,57.7625,71.71,66,79,13.78
430,Port Shepstone,ZA,2022-09-26 22:27:35,-30.7414,30.455,70.07,86,100,13.51
431,Kisangani,CD,2022-09-26 22:27:36,0.5167,25.2,72.54,83,96,2.26
432,Bafoulabe,ML,2022-09-26 22:27:36,13.8065,-10.8321,78.85,79,63,2.8
433,Karasburg,NA,2022-09-26 22:27:36,-28.0167,18.75,51.26,58,0,6.98
434,Teguise,ES,2022-09-26 22:22:44,29.0605,-13.564,68.22,78,20,9.22
435,Shakawe,BW,2022-09-26 22:27:37,-18.3667,21.85,74.93,24,56,5.68
436,Fort-Shevchenko,KZ,2022-09-26 22:27:37,44.5086,50.263,64.26,67,60,6.51
437,Kizema,RU,2022-09-26 22:27:38,61.113,44.8302,41.07,79,100,6.51
438,Maicao,CO,2022-09-26 22:27:38,11.3832,-72.2432,85.26,67,100,7.23
439,Havoysund,NO,2022-09-26 22:27:38,70.9963,24.6622,46.63,82,45,13.29
440,Leh,IN,2022-09-26 22:25:01,34.1667,77.5833,45.19,55,0,3.89
441,Zahirabad,IN,2022-09-26 22:27:39,17.6833,77.6167,71.11,93,99,6.69
442,Clonakilty,IE,2022-09-26 22:27:39,51.6231,-8.8706,53.1,71,79,15.7
443,Westerland,DE,2022-09-26 22:27:40,54.9079,8.3033,51.82,93,75,3.44
444,Thompson,CA,2022-09-26 22:27:40,55.7435,-97.8558,48.36,40,20,4.61
445,Shelburne,CA,2022-09-26 22:27:41,44.0787,-80.2041,52.75,99,100,21.47
446,Ghogha,IN,2022-09-26 22:27:41,21.6833,72.2833,81.21,72,57,10.63
447,Aiken,US,2022-09-26 22:27:41,33.5835,-81.5998,85.91,35,0,12.66
448,Adeje,ES,2022-09-26 22:27:42,28.1227,-16.726,71.31,87,75,28.77
449,San Cristobal,VE,2022-09-26 22:27:42,7.7669,-72.225,78.98,62,70,5.57
450,Sergeyevka,KZ,2022-09-26 22:27:42,53.88,67.4158,38.61,91,100,17.76
451,Kinlochleven,GB,2022-09-26 22:27:43,56.7115,-4.9661,42.3,89,51,12.24
452,Jacmel,HT,2022-09-26 22:27:43,18.2342,-72.5347,89.44,79,92,9.06
453,Loandjili,CG,2022-09-26 22:27:44,-4.7561,11.8578,77.11,88,20,6.91
454,Tupa,BR,2022-09-26 22:27:44,-21.9347,-50.5136,68.05,89,99,9.71
455,La Rinconada,ES,2022-09-26 22:27:44,37.4873,-5.9826,68.18,78,0,8.05
456,Beyneu,KZ,2022-09-26 22:27:45,45.3167,55.2,58.86,66,76,6.26
457,Moose Factory,CA,2022-09-26 22:27:45,51.2585,-80.6094,51.8,82,100,10.36
458,Namanga,KE,2022-09-26 22:27:46,-2.5433,36.7905,63.79,73,10,6.15
459,Sistranda,NO,2022-09-26 22:27:46,63.7256,8.834,53.56,72,100,21.54
460,Calvia,ES,2022-09-26 22:27:46,39.5657,2.5062,64.96,82,31,6.02
461,Cape Canaveral,US,2022-09-26 22:25:59,28.4058,-80.6048,86.07,74,0,12.66
462,Sao Miguel Do Araguaia,BR,2022-09-26 22:27:47,-13.275,-50.1628,87.26,35,68,5.55
463,Kodyma,UA,2022-09-26 22:27:48,48.0988,29.1246,59.0,55,98,8.01
464,Santa Lucia,ES,2022-09-26 22:27:48,27.9117,-15.5407,63.77,94,75,12.66
465,El Alto,PE,2022-09-26 22:27:48,-4.2714,-81.2147,64.06,73,39,21.07
466,Koroni,GR,2022-09-26 22:27:49,36.8,21.95,66.07,60,97,4.63
467,Prigrevica,RS,2022-09-26 22:27:49,45.6786,19.0867,55.36,89,83,1.57
468,Nusaybin,TR,2022-09-26 22:27:50,37.0778,41.2178,75.54,11,0,6.78
469,Kasama,ZM,2022-09-26 22:27:50,-10.2129,31.1808,68.68,41,40,4.63
470,Dothan,US,2022-09-26 22:27:51,31.2232,-85.3905,90.64,35,20,14.97
471,San Felipe,VE,2022-09-26 22:27:51,10.3399,-68.7425,81.0,75,93,3.47
472,Coihaique,CL,2022-09-26 22:27:52,-45.5752,-72.0662,46.35,49,75,3.44
473,Chute-Aux-Outardes,CA,2022-09-26 22:27:52,49.1168,-68.399,49.98,100,100,3.44
474,Diffa,NE,2022-09-26 22:27:53,13.3154,12.6113,86.99,48,51,13.35
475,Maraba,BR,2022-09-26 22:27:53,-5.3686,-49.1178,86.18,62,0,3.44
476,Pedro Ii,BR,2022-09-26 22:27:53,-4.4247,-41.4586,84.9,31,80,5.03
477,Pocone,BR,2022-09-26 22:27:54,-16.2567,-56.6228,85.93,51,40,4.25
478,Port-Louis,MU,2022-09-26 22:27:41,-20.1619,57.4989,72.05,68,39,14.32
479,Kabare,CD,2022-09-26 22:27:54,-2.4683,28.8242,63.41,79,24,1.59
480,Novo Aripuana,BR,2022-09-26 22:27:55,-5.1206,-60.3797,89.37,40,84,1.74
481,Carutapera,BR,2022-09-26 22:27:55,-1.195,-46.02,79.39,73,2,9.71
482,Omalur,IN,2022-09-26 22:27:55,11.741,78.0456,74.25,83,22,0.31
483,Grand Gaube,MU,2022-09-26 22:27:56,-20.0064,57.6608,72.0,68,86,7.0
484,Krasnoselkup,RU,2022-09-26 22:27:56,65.7,82.4667,25.5,84,35,10.45
485,Olinda,BR,2022-09-26 22:27:57,-8.0089,-34.8553,78.53,69,75,12.66
486,Abonnema,NG,2022-09-26 22:27:57,4.7084,6.7931,73.69,93,100,5.28
487,Mosjoen,NO,2022-09-26 22:27:57,65.836,13.1908,53.67,71,100,14.0
488,Tazmalt,DZ,2022-09-26 22:27:58,36.3868,4.3989,67.93,78,91,4.07
489,Salinopolis,BR,2022-09-26 22:27:58,-0.6136,-47.3561,80.6,74,12,13.78
490,Grindavik,IS,2022-09-26 22:27:58,63.8424,-22.4338,40.95,48,75,4.61
491,Peniche,PT,2022-09-26 22:27:59,39.3558,-9.3811,62.29,90,2,18.37
492,Nybro,SE,2022-09-26 22:27:59,56.7446,15.9071,56.21,87,100,4.63
493,Hamilton,US,2022-09-26 22:24:50,39.1834,-84.5333,66.88,46,75,17.27
494,Terrace Bay,CA,2022-09-26 22:28:00,48.7834,-87.1,40.23,94,100,17.92
495,Castrillon,ES,2022-09-26 22:28:00,43.3979,-6.7922,54.7,76,72,5.06
496,Shache,CN,2022-09-26 22:28:00,38.4167,77.2406,65.71,24,0,6.33
497,Punta Alta,AR,2022-09-26 22:28:01,-38.8759,-62.0736,61.99,41,68,8.39
498,Sasovo,RU,2022-09-26 22:28:01,54.3537,41.9199,45.1,88,50,1.01
499,Cururupu,BR,2022-09-26 22:28:02,-1.8283,-44.8683,76.3,79,4,4.54
500,Conceicao Do Araguaia,BR,2022-09-26 22:28:02,-8.2578,-49.2647,85.44,47,58,5.17
501,San Vicente,AR,2022-09-26 22:28:02,-26.6167,-54.1333,60.84,95,100,2.1
502,Mangrol,IN,2022-09-26 22:28:03,21.1167,70.1167,78.87,74,22,7.47
503,Alta Floresta,BR,2022-09-26 22:28:03,-9.8756,-56.0861,84.02,61,75,11.5
504,Santo Antonio Do Ica,BR,2022-09-26 22:28:04,-3.1022,-67.9397,84.92,63,100,3.0
505,Oistins,BB,2022-09-26 22:24:31,13.0667,-59.5333,82.49,83,40,14.97
506,Sehithwa,BW,2022-09-26 22:28:04,-20.4667,22.7167,78.15,16,6,8.28
507,West Haverstraw,US,2022-09-26 22:28:05,41.2095,-73.9854,72.73,56,61,8.25
508,Diego De Almagro,CL,2022-09-26 22:28:05,-26.3667,-70.05,67.35,20,1,8.03
509,Comodoro Rivadavia,AR,2022-09-26 22:28:06,-45.8667,-67.5,57.06,18,0,25.32
510,Kangaba,ML,2022-09-26 22:28:06,11.9333,-8.4167,74.62,87,99,3.49
511,Saint Petersburg,RU,2022-09-26 22:23:56,59.8944,30.2642,46.54,87,0,4.47
512,Iberia,US,2022-09-26 22:28:07,29.9502,-91.7507,89.67,40,0,14.97
513,Santa Fe,AR,2022-09-26 22:28:07,-31.6333,-60.7,72.01,43,0,1.99
514,Maloy,NO,2022-09-26 22:28:07,61.9353,5.1136,44.73,1,100,7.11
515,Astana,KZ,2022-09-26 22:28:08,51.1801,71.446,51.75,54,40,13.42
516,Hambantota,LK,2022-09-26 22:28:08,6.1241,81.1185,78.57,83,34,15.26
517,Vyshneve,UA,2022-09-26 22:28:09,50.3891,30.3705,54.16,90,100,5.12
518,Manaus,BR,2022-09-26 22:28:09,-3.1019,-60.025,86.49,58,40,6.91
519,Marystown,CA,2022-09-26 22:28:10,47.1666,-55.1483,58.86,100,100,5.99
520,Viisoara,RO,2022-09-26 22:28:10,46.55,23.9167,56.59,96,100,2.93
521,Kamina,CD,2022-09-26 22:28:10,-8.7386,24.9906,71.87,42,75,2.8
522,Obsharovka,RU,2022-09-26 22:28:11,53.125,48.8531,46.51,89,97,5.73
523,Nobres,BR,2022-09-26 22:28:11,-14.7203,-56.3275,84.92,53,96,0.65
524,Kunya,NG,2022-09-26 22:28:11,12.2233,8.5325,71.76,94,20,4.61
525,Zhezkazgan,KZ,2022-09-26 22:28:12,47.8043,67.7144,54.28,47,31,15.86
526,Morant Bay,JM,2022-09-26 22:28:12,17.8815,-76.4093,80.22,84,100,8.9
527,Nioro,GM,2022-09-26 22:28:13,13.35,-15.75,75.36,94,92,6.49
528,Honningsvag,NO,2022-09-26 22:28:13,70.9821,25.9704,46.15,76,44,11.5
529,Tonj,SS,2022-09-26 22:28:14,7.2737,28.6822,70.61,96,100,3.8
530,Angoche,MZ,2022-09-26 22:28:14,-16.2325,39.9086,72.01,83,1,7.29
531,Antofagasta,CL,2022-09-26 22:28:08,-23.65,-70.4,58.28,77,30,9.33
532,Beisfjord,NO,2022-09-26 22:28:14,68.3751,17.5988,48.25,84,100,7.76
533,Araguaina,BR,2022-09-26 22:28:15,-7.1911,-48.2072,86.54,41,73,4.36
534,Karuzi,BI,2022-09-26 22:28:15,-3.125,30.1333,65.23,63,68,1.99
535,Mhango,TZ,2022-09-26 22:28:16,-3.2833,32.85,73.85,42,42,7.81
536,Lehututu,BW,2022-09-26 22:28:16,-23.9667,21.8667,73.0,24,56,10.09
537,Cayenne,GF,2022-09-26 22:28:16,4.9333,-52.3333,82.44,78,0,5.75
538,Keuruu,FI,2022-09-26 22:28:17,62.2667,24.7,46.58,87,91,4.36
539,Sambava,MG,2022-09-26 22:28:17,-14.2667,50.1667,67.75,90,11,9.89
540,Grand-Lahou,CI,2022-09-26 22:28:18,5.1367,-5.0242,74.98,91,92,9.15
541,Bantry,IE,2022-09-26 22:28:18,51.6833,-9.45,56.79,78,77,12.12
542,Villa Maria,AR,2022-09-26 22:24:30,-32.4075,-63.2402,64.81,45,44,8.28
543,Maun,BW,2022-09-26 22:28:20,-19.9833,23.4167,75.16,33,0,9.22
544,Quepos,CR,2022-09-26 22:28:20,9.4236,-84.1652,79.47,83,96,4.38
545,Nicoya,CR,2022-09-26 22:28:21,10.1483,-85.452,76.89,90,95,2.91
546,Praia Da Vitoria,PT,2022-09-26 22:27:05,38.7333,-27.0667,70.05,83,20,13.6
547,Ciudad Bolivar,VE,2022-09-26 22:28:21,8.1222,-63.5497,86.22,63,88,5.79
548,Port Blair,IN,2022-09-26 22:28:22,11.6667,92.75,80.49,81,79,10.47
549,Nizwa,OM,2022-09-26 22:28:22,22.9333,57.5333,78.78,64,10,2.84
550,Outjo,NA,2022-09-26 22:28:22,-20.1167,16.15,66.6,22,49,10.2
551,Ugoofaaru,MV,2022-09-26 22:28:23,5.6667,73.0,81.75,77,9,16.33
552,Chimbote,PE,2022-09-26 22:28:23,-9.0853,-78.5783,63.61,77,45,11.34
553,Lilongwe,MW,2022-09-26 22:25:36,-13.9669,33.7873,70.77,47,0,4.92
554,Niksic,ME,2022-09-26 22:27:56,42.7731,18.9445,59.67,100,100,3.13
555,San Luis,AR,2022-09-26 22:23:45,-33.295,-66.3356,68.2,23,100,10.36
556,Fort Abbas,PK,2022-09-26 22:28:25,29.1925,72.8536,84.38,46,0,4.34
557,Hillsborough,US,2022-09-26 22:28:26,37.5741,-122.3794,84.99,73,20,20.71
558,Ondjiva,AO,2022-09-26 22:28:27,-17.0667,15.7333,76.69,19,89,9.95
559,Chapleau,CA,2022-09-26 22:28:27,47.8405,-83.4034,51.89,93,100,9.22
560,Golfito,CR,2022-09-26 22:28:28,8.639,-83.166,77.77,91,100,3.04
561,Sovetskiy,RU,2022-09-26 22:28:28,61.3614,63.5842,28.81,75,77,4.94
562,Nyakabindi,TZ,2022-09-26 22:28:28,-2.6333,33.9833,71.85,46,59,6.64
563,Vyritsa,RU,2022-09-26 22:28:29,59.4078,30.3481,45.91,88,100,2.82
564,Zorritos,PE,2022-09-26 22:28:29,-3.6805,-80.6782,73.69,73,53,13.82
565,Skiathos,GR,2022-09-26 22:28:30,39.1623,23.4909,69.96,65,100,12.71
566,Kardla,EE,2022-09-26 22:28:30,58.9978,22.7492,48.06,83,100,13.82
567,San Miguel,SV,2022-09-26 22:28:30,13.4833,-88.1833,87.46,70,75,2.3
568,Kampene,CD,2022-09-26 22:28:31,-3.6,26.6667,74.16,71,70,2.13
569,Darab,IR,2022-09-26 22:28:31,28.7519,54.5444,77.92,39,0,2.48
570,Sangin,AF,2022-09-26 22:28:31,32.0728,64.8359,71.15,6,0,3.56
571,Girvan,GB,2022-09-26 22:28:32,55.2426,-4.8555,46.4,78,39,16.53
572,Harper,LR,2022-09-26 22:28:32,4.375,-7.7169,76.35,87,97,8.43
573,Erzurum,TR,2022-09-26 22:28:33,40.0,41.5,37.08,32,1,1.48
574,Kismayo,SO,2022-09-26 22:28:33,-0.3582,42.5454,76.15,85,26,14.36
575,Mogwase,ZA,2022-09-26 22:28:33,-25.185,27.2665,74.8,23,0,7.67
576,Meridian,US,2022-09-26 22:27:41,43.6121,-116.3915,90.32,22,0,5.99
577,Sironko,UG,2022-09-26 22:28:34,1.2313,34.2477,64.85,80,29,5.35
578,Vestmannaeyjar,IS,2022-09-26 22:28:34,63.4427,-20.2734,43.79,48,56,14.92
579,Marawi,PH,2022-09-26 22:28:35,7.9986,124.2928,69.62,86,97,4.99
580,Rockland,US,2022-09-26 22:28:35,41.1668,-74.0496,72.64,54,60,1.01
581,Chimoio,MZ,2022-09-26 22:28:36,-19.1164,33.4833,67.86,83,40,3.65
582,Buncrana,IE,2022-09-26 22:28:36,55.1333,-7.45,52.03,73,98,18.5
583,Talnakh,RU,2022-09-26 22:28:36,69.4865,88.3972,27.21,82,71,3.24
584,Saint-Augustin,CA,2022-09-26 22:28:37,51.226,-58.6502,53.96,99,100,5.39
585,Takoradi,GH,2022-09-26 22:28:37,4.8845,-1.7554,74.7,92,95,8.05
586,Blagoyevo,RU,2022-09-26 22:28:38,63.3667,47.9167,31.03,82,8,5.35
587,Yantarnyy,RU,2022-09-26 22:28:38,54.8717,19.9381,49.75,77,100,6.38
588,Skibbereen,IE,2022-09-26 22:28:38,51.55,-9.2667,57.11,75,76,14.03
589,Petropavlovskoye,RU,2022-09-26 22:28:39,52.0712,84.107,51.89,91,98,2.91
590,Eydhafushi,MV,2022-09-26 22:28:18,5.1033,73.0708,82.53,73,13,18.07
